Date,Rolling_Volatility,Rolling_Sharpe,Rolling_Sortino
2020-01-02,,,
2020-01-03,,,
2020-01-06,,,
2020-01-07,,,
2020-01-08,,,
2020-01-09,,,
2020-01-10,,,
2020-01-13,,,
2020-01-14,,,
2020-01-15,,,
2020-01-16,,,
2020-01-17,,,
2020-01-21,,,
2020-01-22,,,
2020-01-23,,,
2020-01-24,,,
2020-01-27,,,
2020-01-28,,,
2020-01-29,,,
2020-01-30,,,
2020-01-31,,,
2020-02-03,,,
2020-02-04,,,
2020-02-05,,,
2020-02-06,,,
2020-02-07,,,
2020-02-10,,,
2020-02-11,,,
2020-02-12,,,
2020-02-13,,,
2020-02-14,,,
2020-02-18,,,
2020-02-19,,,
2020-02-20,,,
2020-02-21,,,
2020-02-24,,,
2020-02-25,,,
2020-02-26,,,
2020-02-27,,,
2020-02-28,,,
2020-03-02,,,
2020-03-03,,,
2020-03-04,,,
2020-03-05,,,
2020-03-06,,,
2020-03-09,,,
2020-03-10,,,
2020-03-11,,,
2020-03-12,,,
2020-03-13,,,
2020-03-16,,,
2020-03-17,,,
2020-03-18,,,
2020-03-19,,,
2020-03-20,,,
2020-03-23,,,
2020-03-24,,,
2020-03-25,,,
2020-03-26,,,
2020-03-27,,,
2020-03-30,,,
2020-03-31,,,
2020-04-01,,,
2020-04-02,,,
2020-04-03,,,
2020-04-06,,,
2020-04-07,,,
2020-04-08,,,
2020-04-09,,,
2020-04-13,,,
2020-04-14,,,
2020-04-15,,,
2020-04-16,,,
2020-04-17,,,
2020-04-20,,,
2020-04-21,,,
2020-04-22,,,
2020-04-23,,,
2020-04-24,,,
2020-04-27,,,
2020-04-28,,,
2020-04-29,,,
2020-04-30,,,
2020-05-01,,,
2020-05-04,,,
2020-05-05,,,
2020-05-06,,,
2020-05-07,,,
2020-05-08,,,
2020-05-11,,,
2020-05-12,,,
2020-05-13,,,
2020-05-14,,,
2020-05-15,,,
2020-05-18,,,
2020-05-19,,,
2020-05-20,,,
2020-05-21,,,
2020-05-22,,,
2020-05-26,,,
2020-05-27,,,
2020-05-28,,,
2020-05-29,,,
2020-06-01,,,
2020-06-02,,,
2020-06-03,,,
2020-06-04,,,
2020-06-05,,,
2020-06-08,,,
2020-06-09,,,
2020-06-10,,,
2020-06-11,,,
2020-06-12,,,
2020-06-15,,,
2020-06-16,,,
2020-06-17,,,
2020-06-18,,,
2020-06-19,,,
2020-06-22,,,
2020-06-23,,,
2020-06-24,,,
2020-06-25,,,
2020-06-26,,,
2020-06-29,,,
2020-06-30,,,
2020-07-01,,,
2020-07-02,,,
2020-07-06,,,
2020-07-07,,,
2020-07-08,,,
2020-07-09,,,
2020-07-10,,,
2020-07-13,,,
2020-07-14,,,
2020-07-15,,,
2020-07-16,,,
2020-07-17,,,
2020-07-20,,,
2020-07-21,,,
2020-07-22,,,
2020-07-23,,,
2020-07-24,,,
2020-07-27,,,
2020-07-28,,,
2020-07-29,,,
2020-07-30,,,
2020-07-31,,,
2020-08-03,,,
2020-08-04,,,
2020-08-05,,,
2020-08-06,,,
2020-08-07,,,
2020-08-10,,,
2020-08-11,,,
2020-08-12,,,
2020-08-13,,,
2020-08-14,,,
2020-08-17,,,
2020-08-18,,,
2020-08-19,,,
2020-08-20,,,
2020-08-21,,,
2020-08-24,,,
2020-08-25,,,
2020-08-26,,,
2020-08-27,,,
2020-08-28,,,
2020-08-31,,,
2020-09-01,,,
2020-09-02,,,
2020-09-03,,,
2020-09-04,,,
2020-09-08,,,
2020-09-09,,,
2020-09-10,,,
2020-09-11,,,
2020-09-14,,,
2020-09-15,,,
2020-09-16,,,
2020-09-17,,,
2020-09-18,,,
2020-09-21,,,
2020-09-22,,,
2020-09-23,,,
2020-09-24,,,
2020-09-25,,,
2020-09-28,,,
2020-09-29,,,
2020-09-30,,,
2020-10-01,,,
2020-10-02,,,
2020-10-05,,,
2020-10-06,,,
2020-10-07,,,
2020-10-08,,,
2020-10-09,,,
2020-10-12,,,
2020-10-13,,,
2020-10-14,,,
2020-10-15,,,
2020-10-16,,,
2020-10-19,,,
2020-10-20,,,
2020-10-21,,,
2020-10-22,,,
2020-10-23,,,
2020-10-26,,,
2020-10-27,,,
2020-10-28,,,
2020-10-29,,,
2020-10-30,,,
2020-11-02,,,
2020-11-03,,,
2020-11-04,,,
2020-11-05,,,
2020-11-06,,,
2020-11-09,,,
2020-11-10,,,
2020-11-11,,,
2020-11-12,,,
2020-11-13,,,
2020-11-16,,,
2020-11-17,,,
2020-11-18,,,
2020-11-19,,,
2020-11-20,,,
2020-11-23,,,
2020-11-24,,,
2020-11-25,,,
2020-11-27,,,
2020-11-30,,,
2020-12-01,,,
2020-12-02,,,
2020-12-03,,,
2020-12-04,,,
2020-12-07,,,
2020-12-08,,,
2020-12-09,,,
2020-12-10,,,
2020-12-11,,,
2020-12-14,,,
2020-12-15,,,
2020-12-16,,,
2020-12-17,,,
2020-12-18,,,
2020-12-21,,,
2020-12-22,,,
2020-12-23,,,
2020-12-24,,,
2020-12-28,,,
2020-12-29,,,
2020-12-30,0.5903482107492171,2.4387246635779505,3.0228842100187
2020-12-31,0.5901426801172517,2.401604075619123,2.9789510157748875
2021-01-04,0.5901388770623651,2.428232552052912,3.006884425490364
2021-01-05,0.5902546508804044,2.4430837410696964,3.025868177957377
2021-01-06,0.5913304054754789,2.3491818964757876,2.9291461978614026
2021-01-07,0.5941557367420669,2.4192273772918496,3.0308969866205318
2021-01-08,0.5943081816931015,2.4502804255765938,3.070589018402694
2021-01-11,0.5943967480578777,2.4381513263099794,3.063093345769491
2021-01-12,0.5926433730788232,2.3709018291087087,2.9698201821356767
2021-01-13,0.592538561160638,2.3878766830509375,2.9831952274748312
2021-01-14,0.5927311781987911,2.378994242641592,2.9745192848059108
2021-01-15,0.593506748081301,2.3228911572710387,2.92273542351221
2021-01-19,0.5935614294471941,2.350397563816088,2.9544979154817517
2021-01-20,0.5936220007750703,2.35461259179624,2.960098331204638
2021-01-21,0.5937826883034839,2.3640952679745335,2.972823961823381
2021-01-22,0.5939101602147119,2.336081122930206,2.9463300276533158
2021-01-25,0.5937041517556936,2.3697545133689917,2.9775336870260736
2021-01-26,0.592700802747455,2.4107992744709548,3.0196133178892604
2021-01-27,0.5935798681856822,2.304749859257143,2.9049718482202227
2021-01-28,0.5936162078183531,2.299038769998155,2.902701092606129
2021-01-29,0.5935038277902098,2.21538450743112,2.809206422761136
2021-02-01,0.5934133652129234,2.3049866312573415,2.9083750232363816
2021-02-02,0.5902043789883945,2.2455984068023604,2.818118109908317
2021-02-03,0.5876878267832013,2.1386753708327135,2.6801280311854283
2021-02-04,0.5858601395733793,2.224581023051739,2.7687505478197565
2021-02-05,0.5858232161820827,2.1930931947028744,2.7344216356004765
2021-02-08,0.5872211863606539,2.2820696535524134,2.8437031696129136
2021-02-09,0.5864216302274955,2.1925255621975603,2.7392545798979078
2021-02-10,0.5863611044139045,2.1834758025074765,2.727666611364412
2021-02-11,0.5867054865697755,2.2098239442940084,2.7622028857018344
2021-02-12,0.5869267467426411,2.172435347634383,2.726509351700513
2021-02-16,0.5853852171439207,2.1137078611583067,2.6458361348703296
2021-02-17,0.5848979681079725,2.0181884576840994,2.5355912034760517
2021-02-18,0.5820441695842286,1.905971778504217,2.389838858596757
2021-02-19,0.5815643417799448,1.9445633526918678,2.4252053166612706
2021-02-22,0.583161299664979,1.9054265127462933,2.374372699473788
2021-02-23,0.5785189189499491,2.0155635007360875,2.520053176301867
2021-02-24,0.5775589457687028,2.1524801743831845,2.6773935384402785
2021-02-25,0.5840154901315584,1.9766818511158617,2.455110255182148
2021-02-26,0.5783500172995064,2.161768176683196,2.6855108343338285
2021-03-01,0.5774198374967595,2.133964765391058,2.6467077016012954
2021-03-02,0.5770030701015714,1.9868492541394738,2.4730647440997457
2021-03-03,0.5784077703315537,1.9474778309663154,2.42441086673459
2021-03-04,0.5781185395267169,1.79451639435869,2.2416463692936612
2021-03-05,0.5766938322311096,1.8534816504541267,2.306381259006844
2021-03-08,0.5801460276106527,1.7751855312838523,2.202169631766567
2021-03-09,0.5821770286518759,2.1296725696545673,2.7106088291333714
2021-03-10,0.5793339503017327,2.022074445436408,2.5674691265467637
2021-03-11,0.5785441202518629,2.1769466290921833,2.7530458394777386
2021-03-12,0.5648650968622903,2.4254394517727387,3.1642755345143856
2021-03-15,0.5612271565324868,2.356345746349698,3.05433597664504
2021-03-16,0.5279426165900791,2.840300450778278,4.247621390181456
2021-03-17,0.524726978219017,2.760943276962131,4.1037951477162045
2021-03-18,0.518377236810821,2.874544886094432,4.408699831535176
2021-03-19,0.5114406827776499,2.752126653226982,4.16446485473805
2021-03-22,0.5109706802511627,2.8511699475715497,4.289768832601728
2021-03-23,0.5106975737440568,2.778277413984821,4.191506953616
2021-03-24,0.4855089974775048,2.4975169581265777,3.590146640534183
2021-03-25,0.4855142206276048,2.4738807096575197,3.5571851843623508
2021-03-26,0.48500639720526345,2.434962112326905,3.4975621531163985
2021-03-29,0.48437332349911927,2.484519627457863,3.5473328182480364
2021-03-30,0.4837958830787237,2.4445983325788565,3.486173262477207
2021-03-31,0.485158903633198,2.5064961251989355,3.5845144187302447
2021-04-01,0.4781176887134888,2.7533358573320093,4.0015459801540105
2021-04-05,0.47822305210872834,2.759586492342162,4.011514134836344
2021-04-06,0.47793221514556955,2.779696272676794,4.029814702528013
2021-04-07,0.46975745788791745,2.6415265543892312,3.764004133020176
2021-04-08,0.4696844492044201,2.6884223222301276,3.8197180089517313
2021-04-09,0.4693418836862502,2.6431084600312387,3.7525969822983622
2021-04-12,0.47153355044799194,2.732010552396654,3.8969299547394645
2021-04-13,0.4703311041592479,2.714103215341843,3.861514663809735
2021-04-14,0.46791384646055445,2.5282558538386377,3.593015665676585
2021-04-15,0.46939296589973606,2.608526100208736,3.7188097077930964
2021-04-16,0.46820961415012474,2.5077644509378803,3.5776155962207787
2021-04-19,0.4697905031326594,2.43066236062063,3.4869923477327935
2021-04-20,0.469494816000528,2.450851697503744,3.506721510510365
2021-04-21,0.46422734222606143,2.663785508698939,3.840408661550776
2021-04-22,0.46208993587144176,2.468034621238811,3.5527698477325154
2021-04-23,0.4620183219911737,2.5543178219656695,3.6599483444281424
2021-04-26,0.46177243104208016,2.536899661997236,3.6330561946289555
2021-04-27,0.46021335469681274,2.401124170026666,3.44302788786049
2021-04-28,0.4594961686356113,2.4384323649798945,3.485864944124434
2021-04-29,0.4589200107780159,2.3661107855732726,3.3847292788153323
2021-04-30,0.45821118240250985,2.4165004692357757,3.434591499641608
2021-05-03,0.4550777739700986,2.5104928708594527,3.589023085227973
2021-05-04,0.4542543644200631,2.3510168345321056,3.368502877615652
2021-05-05,0.45423275886963954,2.3409995824292116,3.3539907715092165
2021-05-06,0.4541183525718054,2.3075943985304708,3.3050986653944623
2021-05-07,0.454181364635001,2.312236173088924,3.3122064685187897
2021-05-10,0.4559423387777166,2.1326820661197656,3.0591757840009515
2021-05-11,0.45572508665229,2.0824323332642023,2.9898236516412164
2021-05-12,0.45701778340041876,2.040362814441181,2.9251472035416386
2021-05-13,0.4571883652153382,2.0283564259086693,2.912064979716545
2021-05-14,0.45795309102697435,2.050809023025203,2.9492245056794535
2021-05-17,0.456825908147787,1.9486789113001948,2.8049384388036787
2021-05-18,0.4563431549452652,1.8769038730478427,2.7053965408066944
2021-05-19,0.4564187199335214,1.8605493112531497,2.6872434024089644
2021-05-20,0.45768785619127944,1.9072569856185286,2.762364445183339
2021-05-21,0.45761240827812927,1.9643022891283954,2.8346799528089432
2021-05-24,0.4590670821135722,2.014715867247619,2.9166739096040892
2021-05-25,0.4582829587756091,2.0704326547059346,2.9791327946075317
2021-05-26,0.4579315542960043,2.1254394682213973,3.043068426481433
2021-05-27,0.4578306285584114,2.1359909170406173,3.0530556366567985
2021-05-28,0.4569977719340948,2.1150038764654937,3.0175586793569433
2021-06-01,0.45681566889537567,2.078781387101043,2.96469680428394
2021-06-02,0.45684402350716113,2.116122708462286,3.013280210334629
2021-06-03,0.4569306930413538,2.106906481509777,3.0046361411421074
2021-06-04,0.45815532294004013,2.19958738031796,3.1378880257438433
2021-06-07,0.45788675012781993,2.168172093731178,3.09125842360269
2021-06-08,0.4579371161620497,2.1244826843381155,3.037291709189142
2021-06-09,0.4578771384004154,2.0757339950801175,2.974121484298485
2021-06-10,0.455366702569159,1.9920110147000325,2.8385140789534113
2021-06-11,0.4513215501368894,2.1736044114236437,3.10610001261759
2021-06-14,0.451360594352852,2.20032274279046,3.1436591336222803
2021-06-15,0.4506788759805331,2.082575567118255,2.9844866086915216
2021-06-16,0.45044657154054907,2.115389088483185,3.01914235310867
2021-06-17,0.45167126167614213,2.161103508696907,3.092773191237777
2021-06-18,0.451670447469449,2.1616715554155572,3.0935805509543526
2021-06-21,0.451855597982988,2.135301462219831,3.0669133841849368
2021-06-22,0.45187980259759186,2.136831963962781,3.0692760329766227
2021-06-23,0.45218953124342703,2.1917554340478427,3.1461260664280077
2021-06-24,0.45120126127428545,2.2944935503358654,3.273604249067487
2021-06-25,0.4508223447908296,2.214341177869632,3.167431869928114
2021-06-28,0.45096551097897114,2.3806727378563046,3.397105576459521
2021-06-29,0.4507678298928005,2.335308470921211,3.333972546851165
2021-06-30,0.4490606152142395,2.244220797861855,3.1939886347869932
2021-07-01,0.44896845047715156,2.229384079250214,3.1722217298154343
2021-07-02,0.448257098464694,2.1885443073489403,3.1091762075657168
2021-07-06,0.44511370368526737,2.0732548970184332,2.926881791516018
2021-07-07,0.44562420053088564,2.016703903320452,2.863157943120132
2021-07-08,0.4456271069387662,1.9457764657965313,2.7733173235817463
2021-07-09,0.44505049470453817,1.9050938979335303,2.7118189531729997
2021-07-12,0.44498758495611634,1.9029914483760768,2.708443303043578
2021-07-13,0.44351769427177173,1.957351639826168,2.7874002407655563
2021-07-14,0.44357377890280564,1.8500124605801274,2.6465157199973426
2021-07-15,0.44492377579698256,1.7818401631020613,2.5584391927456513
2021-07-16,0.445992642485845,1.7382052918561193,2.497285138745709
2021-07-19,0.44651878344252366,1.7812698525835136,2.562175187990521
2021-07-20,0.44408512034429715,1.6801503360658747,2.4035531803991215
2021-07-21,0.4438308181768392,1.801486164056102,2.5653818971433036
2021-07-22,0.443741864565274,1.7834383682695605,2.5391721699016117
2021-07-23,0.442090407557293,1.8616774092149715,2.641585665106976
2021-07-26,0.4417720592825631,1.889516295091882,2.6715635229260863
2021-07-27,0.440271726485551,1.781307092647571,2.5182328262144513
2021-07-28,0.4393755380091419,1.8712065535667648,2.629766111143415
2021-07-29,0.4392970177806135,1.867069273026931,2.6234827150809727
2021-07-30,0.43930020135366965,1.8464029483510747,2.596945825752871
2021-08-02,0.43933057925444513,1.9149701161731512,2.683341124107909
2021-08-03,0.4379942182109295,1.8406315993335105,2.5713293301156717
2021-08-04,0.43806411681313306,1.8460069535354968,2.5792501551044325
2021-08-05,0.43819962266717055,1.8701347994903816,2.613769966583505
2021-08-06,0.43860888767573863,1.8235844857084555,2.562160701265413
2021-08-09,0.4381946731326103,1.8701602604180252,2.613755511888057
2021-08-10,0.43835698578871624,1.8585660839766256,2.600595493935536
2021-08-11,0.4373357470302291,1.9082889498797961,2.6643535689365034
2021-08-12,0.4310879173339518,1.787535233408982,2.4601025164442683
2021-08-13,0.43100117897674195,1.7761268817343734,2.44390989351679
2021-08-16,0.4315666128629002,1.6947887951362903,2.345290240039739
2021-08-17,0.42547515057248975,1.4685526592526763,2.0111163771813896
2021-08-18,0.42553060094976486,1.4480555738079328,1.987405958668618
2021-08-19,0.4258016391962364,1.5163870110844042,2.0760061413225115
2021-08-20,0.4270167175824328,1.5571340801872189,2.137874154835021
2021-08-23,0.4281277686803014,1.5796990544773764,2.174497961167351
2021-08-24,0.4281449930283422,1.5769747562119207,2.171685569901216
2021-08-25,0.4283121328898859,1.6035577247457804,2.2091556196474897
2021-08-26,0.42809443266529257,1.5359817648200988,2.1218310256723947
2021-08-27,0.4285602730611526,1.5778624788535767,2.1820576210471643
2021-08-30,0.42800874514763126,1.5429058725123757,2.130969483492786
2021-08-31,0.4254991594796234,1.4180870165008896,1.9526420539053746
2021-09-01,0.4254392079268453,1.398231981268267,1.925031293876323
2021-09-02,0.4254070579389118,1.3718060655096265,1.890812961878981
2021-09-03,0.4148979672008021,1.6631950201800056,2.377634301005921
2021-09-07,0.4146038880791467,1.7009699735358033,2.420213010881238
2021-09-08,0.4011177028306972,1.9896166793461705,3.033103641497326
2021-09-09,0.39372808941916915,1.8121941431999258,2.716938650930539
2021-09-10,0.39316866205707174,1.8661885557991176,2.7818980464415923
2021-09-13,0.3931727789220261,1.8657691945863981,2.781434815769926
2021-09-14,0.385792063893591,1.7070788059351272,2.4970910965735964
2021-09-15,0.38498581308531055,1.6579462438334012,2.420152301249315
2021-09-16,0.38354575449427125,1.7381585724665736,2.5276826005194404
2021-09-17,0.3833271735252005,1.753488590704556,2.5466776191606573
2021-09-20,0.3853182502001588,1.6547393509949815,2.4089082477890313
2021-09-21,0.3847714760634094,1.6166403867886148,2.350105602292151
2021-09-22,0.3854106194144133,1.712618646673644,2.484803592110084
2021-09-23,0.3806369141240586,1.9374644477276546,2.8460582776958434
2021-09-24,0.38036936386368453,1.8782063673050429,2.76222766595967
2021-09-27,0.378133225414399,1.7525385678288976,2.5694523192320133
2021-09-28,0.37977172693954436,1.599449336552046,2.350358410589077
2021-09-29,0.3797849893052102,1.5639704708175302,2.3028992578325744
2021-09-30,0.3792124485126667,1.5170606467388532,2.2304583790119974
2021-10-01,0.37889852554166914,1.4736174168881269,2.1647924092014454
2021-10-04,0.3767286328481392,1.5321086613904376,2.2722046071444884
2021-10-05,0.37565122969373155,1.500318558207357,2.218694643863377
2021-10-06,0.37567563763601597,1.5341908044995094,2.2656629587387314
2021-10-07,0.3755494153016044,1.5268655075740454,2.25408750371611
2021-10-08,0.3757028572459555,1.5120617211414367,2.2363546471607028
2021-10-11,0.3757280442270594,1.501451886478935,2.2226437121285123
2021-10-12,0.37475078961694613,1.4388989218661636,2.124504538587136
2021-10-13,0.37485261356363714,1.4572728532592742,2.1522178914145536
2021-10-14,0.3758603765977721,1.5261949215414021,2.260067281187923
2021-10-15,0.3756373252054587,1.5991555829518407,2.356752498869714
2021-10-18,0.37573882747944826,1.6925312497122695,2.48449364446628
2021-10-19,0.3749438111572382,1.754978772492835,2.560799831426617
2021-10-20,0.3750266655995783,1.736360780314482,2.5401189725765505
2021-10-21,0.37582130872563085,1.8234881932082831,2.666647663045495
2021-10-22,0.3757301412705787,1.8573366740937358,2.7082837677932474
2021-10-25,0.37883502251022144,1.9558479243781308,2.875495564972729
2021-10-26,0.3802357179186804,2.1285819813306333,3.129607147448882
2021-10-27,0.38002518781113603,2.08086477389091,3.0604876138335495
2021-10-28,0.3764028063472894,2.3101164500944282,3.4308293393032665
2021-10-29,0.3765445976275001,2.31531684593878,3.4398479228107712
2021-11-01,0.37476478371514077,2.527820533064879,3.769884308801428
2021-11-02,0.37467844538381806,2.5131048371793367,3.7470744940731002
2021-11-03,0.37291635786755956,2.4552680325879854,3.643622329231956
2021-11-04,0.38073268058603377,2.5327655796211475,3.8374096518331418
2021-11-05,0.37983269129346764,2.449777157169407,3.708909550576485
2021-11-08,0.3797405023791935,2.4397144252748313,3.6927783033567936
2021-11-09,0.3782416811767365,2.480065913332525,3.7856002838979093
2021-11-10,0.3745316698282095,2.605065086100433,4.037768941167443
2021-11-11,0.3731182310950851,2.5624188261213967,3.9566799667702024
2021-11-12,0.37327780510398045,2.543534400596222,3.939372543757797
2021-11-15,0.37343174191531553,2.533030983648038,3.926239261051333
2021-11-16,0.3735710014734107,2.5459278894990836,3.9477012966301386
2021-11-17,0.3735608745957752,2.460622286089663,3.8315766843864862
2021-11-18,0.3767868277392691,2.516385656581051,3.9522471770977123
2021-11-19,0.3785069091465581,2.588733383170763,4.084438120025006
2021-11-22,0.3780211550993643,2.6119785298967595,4.122049705757055
2021-11-23,0.37813399767701844,2.5067352121442035,3.9743685218100695
2021-11-24,0.3785480709317199,2.537905570517329,4.028194601121292
2021-11-26,0.37985251337091,2.3731645587276,3.77000522632172
2021-11-29,0.3835575561670886,2.478918795763586,3.9764171417862344
2021-11-30,0.38386793955483745,2.4488523803849866,3.9446835926062853
2021-12-01,0.38626779404447625,2.3093928659256138,3.7185513105143495
2021-12-02,0.3863555749051673,2.341570207151332,3.7724405753010726
2021-12-03,0.3901142172907131,2.1756530683523607,3.47656761150826
2021-12-06,0.3905479870824556,2.1013565572941424,3.3760143646207585
2021-12-07,0.39542076960613226,2.188165896086893,3.559343108794873
2021-12-08,0.39537909606407834,2.1918008656152703,3.5635955485075836
2021-12-09,0.3959652586974864,2.1765815327286857,3.5263776709399393
2021-12-10,0.39588513864704816,2.1360977029777652,3.463777741730661
2021-12-13,0.40116714756063737,1.9678362613325286,3.12353889213861
2021-12-14,0.40022269480413514,1.9009552341977918,3.010275194386405
2021-12-15,0.40395487150757553,2.027658206310955,3.241373501514289
2021-12-16,0.4090589157508449,1.8762925594425683,2.93651323777988
2021-12-17,0.4089527526840501,1.7941537845284563,2.8183358282946687
2021-12-20,0.4090856388828173,1.7281617609980557,2.726177190065939
2021-12-21,0.41102386770668303,1.8742119348408086,2.958096970596213
2021-12-22,0.4117919054672426,1.9617748830441482,3.0936160759266094
2021-12-23,0.4119967908574118,2.044603937054227,3.213590070845004
2021-12-27,0.41347506564900927,2.1144936591911927,3.3353634314617073
2021-12-28,0.4138446728707908,2.085021101622406,3.3005112316967007
2021-12-29,0.41400353460957345,2.0566122878780004,3.26645448992213
2021-12-30,0.4138544478749944,1.965617481197888,3.1336424427041725
2021-12-31,0.41399156753666205,1.9461385525009482,3.1137258245289465
2022-01-03,0.4174093417901157,2.0357733845046924,3.2840269624153486
2022-01-04,0.41863946657167705,1.9113014215013404,3.094895836536003
2022-01-05,0.4213233497977502,1.8432579618715448,2.944813838778573
2022-01-06,0.41684927571146996,1.7282672948916207,2.7317827682965587
2022-01-07,0.4180968759983434,1.594654031368309,2.5286734654679006
2022-01-10,0.4181500277766528,1.638093672583838,2.593137088967693
2022-01-11,0.4182404120793862,1.6505369425416163,2.6133998213314964
2022-01-12,0.4184594168819733,1.6787201864260235,2.659415970002043
2022-01-13,0.4219140937412216,1.5811204381623425,2.4722906093518557
2022-01-14,0.4211913365499307,1.6780296472492982,2.610023474163867
2022-01-18,0.42246303169510885,1.558979111556287,2.435099133143829
2022-01-19,0.42355726599324306,1.4294780817371793,2.2411159154313776
2022-01-20,0.42389205520007184,1.310824933519253,2.0637393314523114
2022-01-21,0.4257160943516377,1.2323768658197038,1.9411070965867014
2022-01-24,0.4257085185211058,1.2006296788296125,1.8935705403880156
2022-01-25,0.42715059856716975,1.1386555304262773,1.7965676898202854
2022-01-26,0.4260633508425346,1.2675045206905418,1.9927698810520116
2022-01-27,0.4305566147269444,1.1210969831675175,1.7456173851468517
2022-01-28,0.43132958548924644,1.2422896423605894,1.9297825325116142
2022-01-31,0.4378223796535156,1.3418634089296713,2.115838552978392
2022-02-01,0.43702251848930856,1.28463901968588,2.0219070351124167
2022-02-02,0.4369629241314656,1.3226024827908092,2.076405405701462
2022-02-03,0.4390629058436813,1.211525409143968,1.907115468125258
2022-02-04,0.43946771138993,1.2664601623249818,1.9943152962742359
2022-02-07,0.4371192280471686,1.1793995037420262,1.8472946242740387
2022-02-08,0.4370540575258479,1.2458383916001705,1.9438239631612582
2022-02-09,0.4393823553044886,1.3278507964295458,2.082821040755698
2022-02-10,0.4400856879374127,1.1949363201385672,1.8813213365027166
2022-02-11,0.44505709978922803,1.0603452198719878,1.6435583986569138
2022-02-14,0.4451710944481814,1.0708849525221493,1.6603203730496712
2022-02-15,0.45153396649587774,1.2749108162853433,1.9965029463459991
2022-02-16,0.451426384597171,1.2938093639154016,2.0210115948617196
2022-02-17,0.4569026355262417,1.1239929275877074,1.7340749298756901
2022-02-18,0.45486593291877064,1.1752895782107782,1.825291371419618
2022-02-22,0.45499557954163766,1.1686686461561846,1.8157757165339752
2022-02-23,0.45678913836139173,0.9732201594274252,1.5071266979278952
2022-02-24,0.45237892277602226,1.2892827925286496,2.065829379283727
2022-02-25,0.4522810105130782,1.2829105991345304,2.0551742413272494
2022-02-28,0.4524733905733213,1.290041175671612,2.0674761929141403
2022-03-01,0.451927920000903,1.3075389928759757,2.0977327992365153
2022-03-02,0.45002362754049346,1.4766259733747358,2.370658425735531
2022-03-03,0.44922847120722786,1.5012295034633278,2.41481225814405
2022-03-04,0.4498959512373109,1.460795238791045,2.358949845354316
2022-03-07,0.44902775687344226,1.476737020737866,2.3971967278184616
2022-03-08,0.43472744049251794,1.2897630719389797,2.0270026581219933
2022-03-09,0.43866629944527535,1.4303811574420828,2.265403010511922
2022-03-10,0.4371902951173911,1.29410014720855,2.051347424880225
2022-03-11,0.438409874811356,1.2387940250913885,1.967622114520851
2022-03-14,0.43943375182061956,1.100001842232015,1.7530700018406267
2022-03-15,0.44423754655786435,1.2584390170046176,2.0233268811146705
2022-03-16,0.44793688774598966,1.3531864056526863,2.193779980699399
2022-03-17,0.44473612456856604,1.5251564912299198,2.4828702271940077
2022-03-18,0.44830369348542354,1.6284730080795369,2.672330001859017
2022-03-21,0.44783793041161624,1.6015171289590255,2.625364860677145
2022-03-22,0.4479228947996022,1.6632975516567186,2.719743939338084
2022-03-23,0.4467957762452953,1.70193014376512,2.787884205197402
2022-03-24,0.45225208102930753,1.8458218998789129,3.063456153163629
2022-03-25,0.4525093537261423,1.8023004913903355,3.003296460059657
2022-03-28,0.4537953650608704,1.8743961788751502,3.1323110913025203
2022-03-29,0.4538755960913487,1.8854991160288366,3.1514223278623774
2022-03-30,0.45317918893431075,1.7421171614159545,2.9188494188423317
2022-03-31,0.45315002730798953,1.6622052799255627,2.7955220412420325
2022-04-01,0.4530129337991829,1.5855198295119561,2.6749885363873895
2022-04-04,0.4539781428466885,1.6699529218381521,2.8197401126532755
2022-04-05,0.4571438007783467,1.535740605152327,2.586900212501897
2022-04-06,0.46046399311864056,1.3770386872213929,2.3099757011578155
2022-04-07,0.4604882805038066,1.3693410147776808,2.2961072938268123
2022-04-08,0.459968608806148,1.1732435000751285,1.9625070826140478
2022-04-11,0.4607593035607871,0.9578731024849423,1.5919810472117568
2022-04-12,0.4598176914435582,1.0032941430239606,1.6630825313410618
2022-04-13,0.4591378229568491,0.985967880464454,1.6319456317889194
2022-04-14,0.460973607104867,0.9139632448654594,1.5135759336250403
2022-04-18,0.4600423168862849,1.0410032550155317,1.717527674080809
2022-04-19,0.46033114773413814,1.0997021842346382,1.8128781541319003
2022-04-20,0.4616894478257338,0.9737859280761119,1.6109966504111806
2022-04-21,0.46165798391679136,0.9747560252836006,1.6127016463303958
2022-04-22,0.46186931271689136,0.8705760979595957,1.4467598521277252
2022-04-25,0.46183159943893953,0.8672305374119622,1.4410823802425194
2022-04-26,0.4678565297648365,0.7325873913357868,1.1876256277611714
2022-04-27,0.46793377365956895,0.7260696505294241,1.178221181364992
2022-04-28,0.4704732216695818,0.8410687905794921,1.371253748312218
2022-04-29,0.47287385718644503,0.7395705032489882,1.2105521933590067
2022-05-02,0.4747719534493777,0.8771662351912248,1.4358323240103357
2022-05-03,0.4738544219776808,0.9473076813738907,1.54179252594014
2022-05-04,0.47542435042583037,1.0207238082635994,1.666785086376616
2022-05-05,0.48180938947371427,0.8492586007706194,1.3653290245404628
2022-05-06,0.4816444678216363,0.7938301828836156,1.278216768702463
2022-05-09,0.4884098745078846,0.6871479640282016,1.069789085664403
2022-05-10,0.4893187160963486,0.7578591303244877,1.1819781372874079
2022-05-11,0.49182231352352984,0.7070990633081432,1.0932566314827175
2022-05-12,0.49212067305956575,0.6911696084136714,1.0702551405572465
2022-05-13,0.49750169017268897,0.7728254457054953,1.2097818184363422
2022-05-16,0.49870736247732983,0.7213970361738414,1.1325631730820098
2022-05-17,0.5012373705049926,0.8360811397736079,1.3177049839319268
2022-05-18,0.5060313345963837,0.7033647025001344,1.1011258860943305
2022-05-19,0.5046138886024493,0.6417351233516924,1.001829928394097
2022-05-20,0.50585322656856,0.5374125793875074,0.8432798613555255
2022-05-23,0.5043265520683925,0.4822549841310219,0.7544456088020101
2022-05-24,0.5070568012408805,0.3764688762408762,0.5902785509153735
2022-05-25,0.5093906370766876,0.4546847563065504,0.7161972760251132
2022-05-26,0.5125987463157077,0.5731497862604311,0.908746230188281
2022-05-27,0.515033865640881,0.6249768676558158,0.995627027416844
2022-05-31,0.51508033628084,0.6133746117342276,0.9777064304522597
2022-06-01,0.5153903881883818,0.5482259888080496,0.8778445988122372
2022-06-02,0.5189651220726975,0.6805382694868328,1.0958501724927747
2022-06-03,0.521073995417273,0.4904624692238071,0.7872619211537887
2022-06-06,0.5210989050534282,0.49545129246902103,0.7953077084014316
2022-06-07,0.5210567112527899,0.5207985930546727,0.8351540362396334
2022-06-08,0.5210598308396397,0.520374197343552,0.8345477439183687
2022-06-09,0.5216698761861452,0.45539654888901593,0.7342354613453174
2022-06-10,0.524028989542052,0.32547690286905506,0.5258922960772141
2022-06-13,0.529497793832891,0.1569213904263232,0.2510764712717132
2022-06-14,0.5294021581712876,0.22013949262222457,0.3509448343686462
2022-06-15,0.5314340836567807,0.3009178952898364,0.4815624395096706
2022-06-16,0.5340356581881995,0.10480197154334633,0.16690402954095604
2022-06-17,0.5343157867779115,0.1330215857383505,0.21195674404510667
2022-06-21,0.5373663895384095,0.2577218441005097,0.4124340686458132
2022-06-22,0.5371523709861777,0.20426446007534993,0.3272802457598765
2022-06-23,0.5367630760924341,0.15006701787562013,0.24044000572211818
2022-06-24,0.5390634852250069,0.21694917827292823,0.3490894858111341
2022-06-27,0.5390967441570084,0.21395959042697557,0.3444553265697163
2022-06-28,0.539952192998297,0.038698755167003704,0.062284084947678335
2022-06-29,0.5405150717253814,-0.00326632802874059,-0.005290790034177586
2022-06-30,0.5409826555444791,-0.04247556885853181,-0.06925389492627021
2022-07-01,0.5415447083831557,-0.10193415279807433,-0.1670327344430916
2022-07-05,0.5422338493875312,-0.06684801957573684,-0.10967880938764803
2022-07-06,0.5422680484274915,-0.053293765967282455,-0.08762218465255003
2022-07-07,0.5443056607258258,0.07201588344565615,0.11846368901347476
2022-07-08,0.5442002646634105,0.10707367034611899,0.17574019931813104
2022-07-11,0.5464631985006404,0.00224624877343234,0.003699319135857017
2022-07-12,0.5456942092517069,-0.06027484281342754,-0.09906996030879628
2022-07-13,0.5455217434143417,-0.013791064290770537,-0.022593161467559467
2022-07-14,0.5452326411986006,0.04514960454441616,0.07365507314064774
2022-07-15,0.5446271501531842,0.14096052075959928,0.22881716992644202
2022-07-18,0.5438327064132826,0.23006468346954304,0.37148409360886336
2022-07-19,0.5451104013870242,0.26653304762543417,0.4313804682432041
2022-07-20,0.5462603209275103,0.33122386496774203,0.5372126360788776
2022-07-21,0.5469276919841889,0.3512472270018091,0.5703845597759796
2022-07-22,0.5476623374299304,0.2929559965096786,0.47832814077619346
2022-07-25,0.547899527929839,0.2707002727750622,0.4438795549288711
2022-07-26,0.5487927917608488,0.2191373148455042,0.3618974395901151
2022-07-27,0.5533123217689865,0.36318657410984895,0.6042039475730232
2022-07-28,0.5533673801061298,0.36763784956333845,0.6116700315745285
2022-07-29,0.5535416467475595,0.375702414480915,0.6252845797976098
2022-08-01,0.5536275280446435,0.3978673672891327,0.6638713240745066
2022-08-02,0.5533646133278327,0.3759265753080571,0.6269635960513796
2022-08-03,0.5537181883422382,0.40878445341808045,0.6821989915360028
2022-08-04,0.5536269881491722,0.4023831457085027,0.6714055818200888
2022-08-05,0.5542231456910531,0.3258086428849954,0.5464834514519474
2022-08-08,0.5556105911566513,0.2780639420038561,0.4673884231720915
2022-08-09,0.5567499376040548,0.20747470127504014,0.35072787791185117
2022-08-10,0.559040191546199,0.32661029878053566,0.5531824022349815
2022-08-11,0.5591418987389816,0.31829364995813114,0.5399918978093724
2022-08-12,0.5606697890765807,0.37185457314308795,0.6325829970995748
2022-08-15,0.561002546414049,0.3957206621566826,0.6735824945225003
2022-08-16,0.5606408893301064,0.4189889206099043,0.7103634813814422
2022-08-17,0.5604811896374954,0.4253743847531684,0.7208047978737908
2022-08-18,0.5606453904581411,0.4612859548756995,0.7828364024237321
2022-08-19,0.561820731317461,0.3503944159715011,0.5975126154724459
2022-08-22,0.5618914805611251,0.2118082801157712,0.3623532417247108
2022-08-23,0.559836293768327,0.14632415996760612,0.24940999834544453
2022-08-24,0.5598202315690994,0.1582204193520622,0.2701029591507945
2022-08-25,0.5602765692910381,0.18027177488580354,0.30799836901571714
2022-08-26,0.5649568075621411,0.06564129162915373,0.11147475154501425
2022-08-29,0.5649836958744153,-0.015428746267878478,-0.02630195664688947
2022-08-30,0.5653360739619864,-0.07175054935809386,-0.12283724627114449
2022-08-31,0.5656123224784342,-0.09280574414685616,-0.15953356037815092
2022-09-01,0.5679780607457255,-0.18591733451338263,-0.32067498429365104
2022-09-02,0.5683889326354294,-0.2209485057111587,-0.38388625703518486
2022-09-06,0.5682053047609026,-0.2547085625197402,-0.4416058651077017
2022-09-07,0.5686992856551185,-0.2176567992786485,-0.37769472996642645
2022-09-08,0.5689922554582879,-0.16556746055198981,-0.28736728879999873
2022-09-09,0.5698209299899338,-0.10328267765939145,-0.17986124014357674
2022-09-12,0.5699168968901182,-0.08861750185876317,-0.15434861392335342
2022-09-13,0.5752218717615384,-0.2112776845378126,-0.3650706583506365
2022-09-14,0.5753150582297951,-0.1988403235518245,-0.34363557019846575
2022-09-15,0.575327585744151,-0.2286810246016609,-0.39524844182535956
2022-09-16,0.5755112820175817,-0.1993710018156954,-0.34573449998256844
2022-09-19,0.5756528142315521,-0.1555520958873289,-0.269789423445248
2022-09-20,0.5745963605086644,-0.11124749991755935,-0.19199325985293178
2022-09-21,0.5745410601465752,-0.13103450070356454,-0.22551230788119628
2022-09-22,0.5759027590273512,-0.26466741919260445,-0.4569242155506287
2022-09-23,0.5758124444572877,-0.3241364284076322,-0.5607607310959044
2022-09-26,0.5759880980695475,-0.3433603683769998,-0.5966686171879716
2022-09-27,0.5762657909283719,-0.2999646953778723,-0.5220822056402665
2022-09-28,0.5756526937860457,-0.19659816725901622,-0.3405394390240558
2022-09-29,0.5776631803369311,-0.2721861687117236,-0.47460077137516443
2022-09-30,0.5776859000727178,-0.29382906406578785,-0.5119800985973639
2022-10-03,0.5776952143578428,-0.3025626287448669,-0.5260037256635596
2022-10-04,0.5786836811641923,-0.16890586696692375,-0.2929702785911151
2022-10-05,0.5781650684715282,-0.22663997096081206,-0.3925883414460477
2022-10-06,0.5781219356477022,-0.2558560813263385,-0.44289908144053636
2022-10-07,0.5826418614268445,-0.411806616953285,-0.7085211626154216
2022-10-10,0.5829970470474577,-0.43304138771103895,-0.7476117289233214
2022-10-11,0.5831347500823797,-0.4528379037213798,-0.7855610288897182
2022-10-12,0.583117394585911,-0.4675560346853939,-0.8093740646657255
2022-10-13,0.5840590558721763,-0.427212723332306,-0.7407310689199953
2022-10-14,0.5867937412431724,-0.5874640558019485,-1.0165559607927248
2022-10-17,0.5900644649805776,-0.5004143681351815,-0.8707505372454417
2022-10-18,0.5896808461281858,-0.5267755182080962,-0.9160245714675322
2022-10-19,0.5897430041026296,-0.514342767070352,-0.8944991941832137
2022-10-20,0.5898201173337568,-0.5248636537970233,-0.9150683768810003
2022-10-21,0.5897014711056705,-0.529126514403925,-0.9223148522176501
2022-10-24,0.5896684751688119,-0.5347214368822357,-0.9320151500924658
2022-10-25,0.5897742465209258,-0.5326494844841249,-0.9285702855254263
2022-10-26,0.5881296045826897,-0.6383988814925436,-1.1121756997152557
2022-10-27,0.588383865108076,-0.6081481662741198,-1.0633853970357123
2022-10-28,0.589203469920764,-0.5831934241044682,-1.0211709458660343
2022-10-31,0.5887143092552718,-0.6621692563886963,-1.1614476154246058
2022-11-01,0.5877349289065832,-0.7139658436914347,-1.2502157293319087
2022-11-02,0.5885449676088653,-0.7811863033168267,-1.3749642590816413
2022-11-03,0.5884201469917716,-0.789437673310614,-1.3891927896606344
2022-11-04,0.582171393220153,-0.9024504876111381,-1.5711996861368518
2022-11-07,0.582198865526866,-0.9105912565916013,-1.5887411522577013
2022-11-08,0.5821227201343947,-0.9181227178614507,-1.601672053263122
2022-11-09,0.5839282563024065,-0.9526888220833856,-1.6550764141249363
2022-11-10,0.5969664126862554,-0.7025632625377641,-1.245939922758249
2022-11-11,0.5976016067242098,-0.6800415800208952,-1.2072827421977754
2022-11-14,0.597608465866036,-0.6809900708059747,-1.20924360916855
2022-11-15,0.5979153578737519,-0.6210841193284333,-1.1018658698239148
2022-11-16,0.5991059091834354,-0.7194960902062978,-1.282324056769282
2022-11-17,0.5991926451474565,-0.7263175165159655,-1.2962442316928848
2022-11-18,0.5961833847332317,-0.8585839212874781,-1.5277459051983853
2022-11-21,0.5951059686863284,-0.9689259840017079,-1.7269056987107332
2022-11-22,0.5961984673341351,-0.8778292654563001,-1.5642978936482934
2022-11-23,0.5978177869365797,-0.7727130684897207,-1.37785906511913
2022-11-25,0.5973947429159631,-0.8292971265400734,-1.4782232855075554
2022-11-28,0.5967608815328694,-0.8045814597170696,-1.4309609588135437
2022-11-29,0.5939115314449411,-0.9240078262879969,-1.636577077410775
2022-11-30,0.5995655236635108,-0.7596381978849133,-1.3569830493816644
2022-12-01,0.5984584787812408,-0.6803094171405865,-1.2091406090960295
2022-12-02,0.5983521629514147,-0.7186996810378853,-1.2774379854835836
2022-12-05,0.5970311289845581,-0.6861878242841827,-1.2209892493325458
2022-12-06,0.5975439240797219,-0.7087961360440158,-1.2644198185595803
2022-12-07,0.5933868155859284,-0.8354749452102771,-1.4765514030969231
2022-12-08,0.5951742237357217,-0.7445206993187495,-1.3204743041836544
2022-12-09,0.593403657225053,-0.6616542323511126,-1.1684172480937776
2022-12-12,0.5934216494972937,-0.6515469767863397,-1.1539420152084998
2022-12-13,0.5903849929218623,-0.5340347222584265,-0.9454937479983743
2022-12-14,0.5907818617713533,-0.5761279941461762,-1.0241854661228673
2022-12-15,0.5883244089573537,-0.7228063772072422,-1.284397199305879
2022-12-16,0.5858159337945826,-0.669849836142757,-1.196324607073966
2022-12-19,0.585845958634001,-0.6723460494549387,-1.201386236356857
2022-12-20,0.5865038861445763,-0.7037422540620998,-1.262496691795494
2022-12-21,0.5847817377704301,-0.7562486205838701,-1.3527082041533018
2022-12-22,0.5885737164330698,-0.9318213491097651,-1.6534543567225224
2022-12-23,0.5881015839784798,-0.9908963098876178,-1.757814423924848
2022-12-27,0.592337068690799,-1.1907114462164512,-2.0846455555296197
2022-12-28,0.5922577246915233,-1.1549196595375695,-2.0180970512331653
2022-12-29,0.5948001018173837,-1.0481901910994622,-1.8407098593796183
2022-12-30,0.5947197019310377,-1.018181781619661,-1.7854235451148128
2023-01-03,0.5966771915007992,-1.0869984558948718,-1.9153365469629988
2023-01-04,0.5949340407184268,-1.1252226426681537,-1.976896867861973
2023-01-05,0.5949257327902574,-1.1249541209419642,-1.9763975512078822
2023-01-06,0.5937613428770431,-0.9707161390710565,-1.7043154850697202
2023-01-09,0.5963382805111076,-0.8895428859973789,-1.5685754012186577
2023-01-10,0.5956172870926566,-0.8166512240229509,-1.4327742766367466
2023-01-11,0.595672240141293,-0.813147939552273,-1.4267595609363488
2023-01-12,0.5960279114129596,-0.7946833673126207,-1.39519395354662
2023-01-13,0.5959511954221998,-0.7993113258004764,-1.4031384519220382
2023-01-17,0.5962349921808325,-0.6121486535156596,-1.0763686817459324
2023-01-18,0.5962660827905215,-0.6690503887264094,-1.179570984396166
2023-01-19,0.5960692550334604,-0.6624785703653139,-1.167532868835527
2023-01-20,0.5983684389403834,-0.5056211325432086,-0.8910453870505899
2023-01-23,0.6028704236160847,-0.3329888956286986,-0.589073052893857
2023-01-24,0.6017070958127716,-0.2652097221528953,-0.4665985974192599
2023-01-25,0.601707091886803,-0.2524084154335052,-0.445071115251258
2023-01-26,0.6028400723703111,-0.11034600998898471,-0.19417518451670773
2023-01-27,0.6048323943350284,-0.056082979235158356,-0.09901502440028645
2023-01-30,0.6048555070663405,-0.05646418369056564,-0.09968024025739633
2023-01-31,0.6043853621141475,-0.07195885824546044,-0.1269353498600128
2023-02-01,0.6021908780991012,-0.10192272324153766,-0.1791387644900326
2023-02-02,0.6033321303310601,-0.04480196626520772,-0.07889289845716556
2023-02-03,0.603497257304144,-0.08767088657710284,-0.1547703372937952
2023-02-06,0.6021688710013202,-0.008346583056878456,-0.014654276257587303
2023-02-07,0.6030549348133833,0.020676544900113822,0.03635567384032047
2023-02-08,0.6030695725749139,0.022711843349941738,0.039935318748499225
2023-02-09,0.6030107118786618,0.01861976510293923,0.03273682666659795
2023-02-10,0.6030577383337464,-0.14138723933085443,-0.2489556398226664
2023-02-13,0.602386220653704,-0.06561564490704296,-0.11494187645698042
2023-02-14,0.6018303792999184,0.14389637837695554,0.25342373851707484
2023-02-15,0.6016558395713149,0.12073279224493305,0.21256742152090344
2023-02-16,0.5976440673584249,-0.0805493984437372,-0.14133897326164746
2023-02-17,0.5977280522361899,-0.09892796659017143,-0.17365403973727525
2023-02-21,0.5951495515579684,-0.05151115658371297,-0.0910872370786652
2023-02-22,0.5943863229401235,0.015716079696102257,0.02764306929679636
2023-02-23,0.6023946872356499,0.21452236038457922,0.38125932784779193
2023-02-24,0.6004907792176001,0.26868274310652907,0.47717547117294973
2023-02-27,0.5982398956282547,0.2125818479670465,0.37612616377780145
2023-02-28,0.59816586032149,0.16791629059196497,0.29728529458505915
2023-03-01,0.5978172436735214,0.0861928342942685,0.15297860100181052
2023-03-02,0.5971392079538917,0.13595088372213301,0.2400538728803154
2023-03-03,0.5971598151257599,0.13669065563686647,0.2413684468167699
2023-03-06,0.5966836509727057,0.15787348441586224,0.2780419590778493
2023-03-07,0.5964707465971996,0.16819321984361407,0.2957898945149012
2023-03-08,0.593583594945395,0.3007162512765143,0.5284980203652517
2023-03-09,0.5946253890714962,0.21742379116204857,0.3842017875721967
2023-03-10,0.5916276659160524,0.09246680690592586,0.16281742242021294
2023-03-13,0.5913455691446198,0.12610961470669396,0.22133482663848209
2023-03-14,0.5923792522943563,0.2628386329942795,0.4602607252141555
2023-03-15,0.591279709328456,0.32341995449247496,0.563120883270891
2023-03-16,0.58904586493878,0.2842952787650374,0.493129070116384
2023-03-17,0.5859507007013413,0.17961295834799187,0.3089611814354078
2023-03-20,0.5857355744330853,0.16440037948134048,0.28268944315806177
2023-03-21,0.5835811333099808,0.11732754361775169,0.20100478428146049
2023-03-22,0.583455227195749,0.09128467719451429,0.15598467258032384
2023-03-23,0.5835429059018133,0.09580162331122606,0.16372770272833384
2023-03-24,0.5832797044455158,0.11046385828900179,0.18837026660843614
2023-03-27,0.5786796080152306,-0.02255788731406064,-0.038110747696803865
2023-03-28,0.5785933420373534,-0.013778778616481685,-0.023235775736569667
2023-03-29,0.5778233516577366,-0.03930984832452194,-0.06620175140767852
2023-03-30,0.5778133680560409,-0.040085229619687676,-0.06750640536159248
2023-03-31,0.5779814948067311,0.05316863071825902,0.08921641207560156
2023-04-03,0.5779534311649426,0.05513069803177169,0.09247707789778972
2023-04-04,0.5780396979290898,0.0492431858993517,0.08268483954090469
2023-04-05,0.577615045144673,-0.05350792813900805,-0.09013392839812946
2023-04-06,0.5753828627818431,0.04027290707179395,0.06757947287873721
2023-04-10,0.5729907390262031,0.1570427762291925,0.26276774247637946
2023-04-11,0.5730277327774359,0.14953639895938706,0.25068418515141627
2023-04-12,0.5722385733365217,0.17266009296863633,0.289398585687902
2023-04-13,0.5699658840262264,0.2767560400799956,0.46217135400038095
2023-04-14,0.5698978217981547,0.30517963670000314,0.5090760703573072
2023-04-17,0.5690172180892993,0.26377569875857065,0.4393294579230219
2023-04-18,0.5676296387112776,0.35892734171110874,0.5946476242387944
2023-04-19,0.5671856735183448,0.3194954265256466,0.5289053741805622
2023-04-20,0.5690902111386515,0.19474334613686978,0.3235096600132827
2023-04-21,0.5678299983394974,0.2685473559880259,0.44356820274712394
2023-04-24,0.5668927070028664,0.31504402960985495,0.5173475565162824
2023-04-25,0.5668891891868592,0.3151863478767757,0.5175749637663514
2023-04-26,0.5668067955036529,0.3053402266496243,0.5013335388112359
2023-04-27,0.561901734818682,0.47753237075010474,0.789939747675656
2023-04-28,0.5621020241084732,0.5366536052532084,0.8863800942398936
2023-05-01,0.5604105866910766,0.49213866203307155,0.8104096598427728
2023-05-02,0.558805943266913,0.5405528343452495,0.8896765387139443
2023-05-03,0.5569011852591582,0.43846739146870584,0.7200060613374935
2023-05-04,0.5569207432161803,0.4213669271293313,0.6915487392861759
2023-05-05,0.5572539005541619,0.4290666001853635,0.7046067202031429
2023-05-08,0.5519943439292436,0.5976940458963556,0.990121862409933
2023-05-09,0.5522574862487034,0.5799517551726464,0.9636137178168931
2023-05-10,0.544304178691887,0.7693868039104711,1.3089165475933724
2023-05-11,0.5434815936283216,0.7103217874160884,1.2035434893585868
2023-05-12,0.5397908959766925,0.8081239527347992,1.3768544403390808
2023-05-15,0.5393824864617595,0.8715161150078254,1.477759450993389
2023-05-16,0.5331560891371042,0.7376105310648856,1.2362689590509413
2023-05-17,0.5330116915370516,0.8718103846467304,1.4557840788045326
2023-05-18,0.5319728626923481,0.8501975024999706,1.4169270635786528
2023-05-19,0.5273528736853597,0.9798874888984724,1.6417624995668099
2023-05-22,0.5274289420732785,0.9892476724738539,1.6576841940631357
2023-05-23,0.5262943258805581,1.0311388517130673,1.7248686762141605
2023-05-24,0.5262685929044915,0.9901976110691965,1.6580271594984342
2023-05-25,0.550728896051744,1.354543465979061,2.3816299424300222
2023-05-26,0.5494567078144456,1.3244281414497951,2.3233003176965137
2023-05-30,0.5474835840778329,1.2834453055594774,2.243323674270847
2023-05-31,0.5458395597401555,1.112754536733526,1.9450525664664533
2023-06-01,0.5471473029782936,1.1956962031288578,2.0948349314622012
2023-06-02,0.5466666789490766,1.2365800818816268,2.1558090254938587
2023-06-05,0.5433415028203802,1.1331085352638695,1.96340470068112
2023-06-06,0.5398960411824598,1.241529882079507,2.1545278170611133
2023-06-07,0.5402292319291261,1.1960385960870554,2.084402753564525
2023-06-08,0.5410796922451545,1.244217770462092,2.1717808411767026
2023-06-09,0.5411888264282513,1.287024142436687,2.2458782125169066
2023-06-12,0.5407155343394637,1.3708799741809439,2.3797039681431515
2023-06-13,0.5391188603349825,1.5400195193851225,2.6747576340905925
2023-06-14,0.5339323842445981,1.7563923884569501,3.1049502212637443
2023-06-15,0.5338985288930759,1.7148151569781875,3.0333206564773105
2023-06-16,0.5321278480189712,1.6436317448018187,2.8977625341738635
2023-06-20,0.5285754678856724,1.8422135792097347,3.279859952180683
2023-06-21,0.5293839820094779,1.7520758518932626,3.1371344417330356
2023-06-22,0.5265432103353018,1.6615246803770802,2.9590359676234583
2023-06-23,0.5270073803819219,1.636457443825256,2.9240927124814236
2023-06-26,0.529064417400555,1.5596875228834195,2.793339237749056
2023-06-27,0.5275948884950095,1.526834486663667,2.726905390136916
2023-06-28,0.5274616686509402,1.5385773878816966,2.740611583473277
2023-06-29,0.5246054805813731,1.638961955249411,2.917127880869559
2023-06-30,0.5245351208729039,1.744079216276802,3.0900775956980238
2023-07-03,0.5242127533262229,1.8310207740493012,3.2276743002826236
2023-07-05,0.5233833726346331,1.8853783248533886,3.3034191277575546
2023-07-06,0.5229593319722602,1.8127924573801575,3.180300657201084
2023-07-07,0.5229546146546029,1.8095817365902682,3.174639242353005
2023-07-10,0.5210583295778205,1.699396942997115,2.9775231308178607
2023-07-11,0.5210484887639675,1.6940630878755418,2.9681215950583666
2023-07-12,0.5188079066900996,1.8500358485041115,3.24236046229653
2023-07-13,0.519966978830923,1.9314586074930433,3.392281436353072
2023-07-14,0.5200043486533694,1.9065121881779106,3.347624075871942
2023-07-17,0.5203750871899713,1.9313733550261312,3.3936953498124405
2023-07-18,0.5203352368171186,1.9289297784957622,3.3891420805571952
2023-07-19,0.5203463018901947,1.8828808758855495,3.313700478126604
2023-07-20,0.521728545447714,1.6914014693245887,2.9657315475752024
2023-07-21,0.5213208624796365,1.581618583705013,2.783233754833353
2023-07-24,0.5202359651812324,1.5394647904810999,2.7034164480060014
2023-07-25,0.5193889654274476,1.6196220495486826,2.8277797291087268
2023-07-26,0.5190821473429824,1.6429115307327287,2.8559990174682963
2023-07-27,0.5179802649869288,1.7004675719136446,2.9370971148205345
2023-07-28,0.5139153514193656,1.624044847865995,2.783084213452513
2023-07-31,0.5138036429491758,1.5981889477704987,2.738180296573101
2023-08-01,0.5135501040322885,1.5313211696174724,2.6288640723219814
2023-08-02,0.515440760351392,1.4237617942326064,2.4532804004259696
2023-08-03,0.5154771062069674,1.4303917207757075,2.4648782068157558
2023-08-04,0.5152112549864187,1.383828168729602,2.3830155320528084
2023-08-07,0.515141230024993,1.3754138027549296,2.368203689918713
2023-08-08,0.5144748777879006,1.4051747251729019,2.414740205258671
2023-08-09,0.5145028000499415,1.4044778303828904,2.413314339651267
2023-08-10,0.5130886531628807,1.4791133591643442,2.528411951767016
2023-08-11,0.5115845270723689,1.3237185447592705,2.264943794811114
2023-08-14,0.5131510265289866,1.4365771943627426,2.4572547188474205
2023-08-15,0.5115623051441426,1.3443826808842676,2.2941783714071655
2023-08-16,0.5115861854993494,1.269913432732065,2.1756180372566822
2023-08-17,0.5116444951786328,1.2649696595336823,2.1690699594489664
2023-08-18,0.5110860250011905,1.2993628568414837,2.218182076699089
2023-08-21,0.5169460703598707,1.4116531908792296,2.437507666757732
2023-08-22,0.5154841227315762,1.4616549645173302,2.526010803881002
2023-08-23,0.514322962057406,1.5927540370294753,2.7438553961879255
2023-08-24,0.5143541475724727,1.5523663726992256,2.6794772624814858
2023-08-25,0.5144330561928511,1.5361887611295895,2.65504001633664
2023-08-28,0.5139626325714797,1.5096792749233674,2.6068368896489935
2023-08-29,0.510634194561349,1.764100987019268,3.1132446419308244
2023-08-30,0.5099356445622953,1.8248420676047494,3.202394317738293
2023-08-31,0.5092713017851531,1.876153368591353,3.2739801662292494
2023-09-01,0.5096952711806075,1.8589348960631955,3.2454393164844975
2023-09-05,0.506720945769287,2.001298184549835,3.5012074125193857
2023-09-06,0.5069828401753876,1.9910902403969373,3.483769340013411
2023-09-07,0.5071848148799306,1.9744443290318967,3.4652290117140505
2023-09-08,0.5071190301991545,1.9017613984939448,3.349320169533301
2023-09-11,0.5072704955256353,1.9094676033183928,3.3638965082884993
2023-09-12,0.5067828459378825,1.8281933062960671,3.2275612602618255
2023-09-13,0.5068400149572438,1.8346881695200603,3.2393929235317414
2023-09-14,0.5000931724347547,2.029729518443621,3.6855165738581035
2023-09-15,0.5010491049763021,1.9495999676039286,3.559677128457637
2023-09-18,0.5010333207810876,1.950864499671962,3.561162097064705
2023-09-19,0.5010178891127186,1.911183662157567,3.492481796915994
2023-09-20,0.5017076299753498,1.8279771323450789,3.3583452561193465
2023-09-21,0.502497597884048,1.7912508331826127,3.2977310023981543
2023-09-22,0.5024895142258988,1.7925317510593695,3.2989727667184425
2023-09-25,0.49977803882041755,1.926349547064422,3.5528013118599953
2023-09-26,0.4995283348709204,1.9425844954780411,3.5745589371074247
2023-09-27,0.49915593758511284,1.9846035096873762,3.634890483996234
2023-09-28,0.4991404914610129,1.9835589794075172,3.632864959245403
2023-09-29,0.49881429972008073,1.9606979919396392,3.5886485892463234
2023-10-02,0.49633956422572273,2.113702083406924,3.878994709483128
2023-10-03,0.49709877686394627,2.0745150032865487,3.819893042255346
2023-10-04,0.4975180970748722,2.1340207222046006,3.931138998781762
2023-10-05,0.49582404802761204,2.067996094786413,3.796541802152078
2023-10-06,0.495850525721015,2.119342226568146,3.8830349482597675
2023-10-09,0.495873978003925,2.117322108657228,3.8809384595445002
2023-10-10,0.48950282127981437,2.3243543701865517,4.392674968696769
2023-10-11,0.48878631051950067,2.406331995321191,4.521589865554587
2023-10-12,0.48849294321280595,2.4305163407083867,4.544173988771986
2023-10-13,0.48972591117208186,2.3693994317039455,4.451056667454489
2023-10-16,0.48889986924900825,2.330268043273394,4.37016224819574
2023-10-17,0.48518859807266984,2.4178476642016413,4.652381016226925
2023-10-18,0.48397293038648964,2.208419567358439,4.2214280382417195
2023-10-19,0.4851395990906515,2.1304937031670663,4.094354490325442
2023-10-20,0.4858797146641687,2.0647620417725134,3.9911299583013498
2023-10-23,0.48617073579583353,2.1429209596881384,4.13195227399172
2023-10-24,0.4858620482797038,2.126817123534657,4.098297255416689
2023-10-25,0.48750488042949114,2.0398184608718455,3.944779814043415
2023-10-26,0.4864948778865381,1.8664653629753294,3.606865617092648
2023-10-27,0.4860871527206474,1.9123801254026924,3.6775886154508237
2023-10-30,0.4859791284239943,1.8742544675738235,3.5999547201325015
2023-10-31,0.4846607298852271,1.7952671683987067,3.432257097349071
2023-11-01,0.48510639276863154,1.9009712634726053,3.6222104283288363
2023-11-02,0.48633749532390813,1.9691565849418842,3.7616564819443705
2023-11-03,0.48538972617290604,2.0961221665452174,3.991063005860193
2023-11-06,0.48538272390507814,2.09513902978628,3.989133543344411
2023-11-07,0.4848227931502676,2.0555543436707553,3.909249647740015
2023-11-08,0.4847080624571402,2.0914479195965563,3.969553031297946
2023-11-09,0.48492739086562325,2.05614521245742,3.9154192884097756
2023-11-10,0.48106537835657215,2.2564417575628917,4.37119123113562
2023-11-13,0.4663737680853785,2.1007653865173825,3.945329173363935
2023-11-14,0.4663327089787805,2.099573311317487,3.9427432581000375
2023-11-15,0.46621934494947315,2.1109315324476734,3.9534781715835767
2023-11-16,0.46593770009674557,2.060023429122076,3.853233310818054
2023-11-17,0.4635625115156192,2.160454887762013,4.038497952654308
2023-11-20,0.4633105179495624,2.2344029370494014,4.156809957004536
2023-11-21,0.46284607832026275,2.2744607879439673,4.208821600507723
2023-11-22,0.46292571746611016,2.271376670590999,4.202725092837778
2023-11-24,0.4620546340874695,2.170589534979508,4.022565370514467
2023-11-27,0.46028207316526026,2.0990022338510324,3.8749761761025123
2023-11-28,0.46005052948086245,2.14026622577068,3.936443911036579
2023-11-29,0.45948305140418516,2.1875651037213113,4.0005068607981995
2023-11-30,0.4601242830112456,2.15588594368269,3.9501704997111786
2023-12-01,0.4536579859411283,2.005171535863702,3.618105446541472
2023-12-04,0.45439963643471454,1.9322437578966574,3.5070019785572772
2023-12-05,0.45449704376037503,1.9992730502671716,3.6186502959414515
2023-12-06,0.4536291469496055,2.036023280652607,3.684518956152614
2023-12-07,0.45264713164917286,2.1542397075315787,3.881513412914458
2023-12-08,0.4527217986168734,2.1957632028341276,3.956251695829277
2023-12-11,0.4514077447500185,2.063581172662132,3.7239862611690815
2023-12-12,0.45148441839984327,2.0836856648649142,3.7609059907219016
2023-12-13,0.45151739801468915,2.0968062805714256,3.7848642317966306
2023-12-14,0.45172681826278954,2.1165041526026442,3.8221920673482
2023-12-15,0.4509681146074581,2.1952270150577866,3.9408703665613207
2023-12-18,0.45004215792401037,2.2937094406250957,4.0948670503868305
2023-12-19,0.44877295576752896,2.3656277928700704,4.193805739744337
2023-12-20,0.4499281022801312,2.31798904490505,4.107750038443534
2023-12-21,0.44884993308680243,2.441897496945871,4.308822597696122
2023-12-22,0.4487402735536115,2.392994458599622,4.225270799860132
2023-12-26,0.4415090528952005,2.6296914016217063,4.840514095084699
2023-12-27,0.44122873305077764,2.6742600677467006,4.90159779528475
2023-12-28,0.43231678939762147,2.9055970073450372,5.738380371057731
2023-12-29,0.43244468898735283,2.87872255575922,5.692944507736742
2024-01-02,0.430468393908345,2.7253081564720514,5.389373017335642
2024-01-03,0.4312156918295239,2.663536537702882,5.299295013730816
2024-01-04,0.42759486454058865,2.818592031257355,5.693019230794985
2024-01-05,0.4265385978747438,2.7761067256299325,5.593355793794832
2024-01-08,0.42723514237273774,2.959883410020477,5.9778575051391405
2024-01-09,0.42606043792203363,2.8941156645476336,5.828960049545979
2024-01-10,0.4233120685024982,2.8198871557657625,5.642822184672533
2024-01-11,0.4233370527389763,2.7894518097803847,5.5768778669117065
2024-01-12,0.4235523347681055,2.723177010063617,5.468988493967771
2024-01-16,0.42353707115942346,2.722449054250779,5.467329497786385
2024-01-17,0.42368943112054236,2.665588488292784,5.372555375166453
2024-01-18,0.4205957013727067,2.572374233405422,5.146821969317688
2024-01-19,0.4207044338585573,2.6875083919695846,5.354862113283915
2024-01-22,0.41947221665934664,2.7563177653558437,5.467054382466554
2024-01-23,0.41582285090015186,2.6445451871291,5.199723526548405
2024-01-24,0.4096531949230949,2.535929652464681,4.912182084935172
2024-01-25,0.4113664496733882,2.437085326814037,4.728835449922507
2024-01-26,0.4114784075530471,2.414843917588324,4.69315228670782
2024-01-29,0.409627495701918,2.3740090501552307,4.593037607181404
2024-01-30,0.40666374344217293,2.2724003204469794,4.364644002582073
2024-01-31,0.4023105419098281,2.395582815438519,4.78475563808467
2024-02-01,0.40203433717180076,2.3825355936333312,4.755429041338273
2024-02-02,0.3984900757266114,2.3252892721486678,4.600252382929551
2024-02-05,0.39754810337248875,2.294892141492333,4.529383834423997
2024-02-06,0.39709741788113767,2.328745130661306,4.573178853275544
2024-02-07,0.3975663049813483,2.366512208525341,4.652833186108858
2024-02-08,0.3960036712513929,2.2733825346340617,4.445061441261418
2024-02-09,0.39695861251304226,2.327304299854542,4.561465954985634
2024-02-12,0.39699516445016103,2.275619744940674,4.4707063557193125
2024-02-13,0.3936792085245828,2.3988835279928375,4.80580905140489
2024-02-14,0.3941167259711016,2.4242189843006035,4.861962267164317
2024-02-15,0.3899944437068463,2.3122538394122616,4.588902164957067
2024-02-16,0.39001384017351504,2.3069883613442976,4.571159701978772
2024-02-20,0.3899310659060367,2.309364638743602,4.5795646507057155
2024-02-21,0.39030650368370934,2.2862524282448335,4.540926391108373
2024-02-22,0.4046384417297104,2.5974564080807054,5.415325413101749
2024-02-23,0.4047349088215251,2.561219244859804,5.349665401127236
2024-02-26,0.3932464282991035,2.417357527072344,4.905856864387463
2024-02-27,0.3926475741979835,2.461573504719927,4.967581459786013
2024-02-28,0.3923006807616585,2.3908598114644186,4.829011192043667
2024-02-29,0.3921165155490115,2.4534398804766178,4.93391304856383
2024-03-01,0.3922064439885012,2.578021638920991,5.166320201654703
2024-03-04,0.3921983131785395,2.5838771093930037,5.177947138656012
2024-03-05,0.39157163320153004,2.5014763854639295,5.013976111074608
2024-03-06,0.39123381077548397,2.583427012164811,5.151313565128252
2024-03-07,0.3918675176780268,2.712316727867659,5.393960205160382
2024-03-08,0.3946328925433605,2.535777932144075,4.980458532325011
2024-03-11,0.39278347514569595,2.6155264375681515,5.173531964215469
2024-03-12,0.3950427081278229,2.75987124262409,5.46689302481939
2024-03-13,0.395872638903239,2.6953980481205218,5.368151803390133
2024-03-14,0.3953032930113899,2.487908716042893,4.916083548034162
2024-03-15,0.39529583188791,2.4902503062478973,4.920617632024861
2024-03-18,0.3937372657173187,2.448257049204376,4.818567154287696
2024-03-19,0.3937020701656827,2.4602967975028163,4.8466635752084635
2024-03-20,0.3938193015416382,2.4729360532323645,4.873012875934925
2024-03-21,0.392840609953996,2.407554334961233,4.732385870979995
2024-03-22,0.39306235900020836,2.4595485421907908,4.838679757372068
2024-03-25,0.3927205923995006,2.430216340808788,4.776817355792397
2024-03-26,0.3925588878615356,2.4418566139837177,4.7929946575144635
2024-03-27,0.3928731703819301,2.4155584485437647,4.761781591004347
2024-03-28,0.392836597363105,2.419298537943471,4.765371832832424
2024-04-01,0.39240623914019973,2.361897232557541,4.639904173513069
2024-04-02,0.393126237798727,2.2704143637017444,4.48313181166323
2024-04-03,0.39233191378214943,2.199988254384012,4.327928475388827
2024-04-04,0.39261877928042216,2.183968652648463,4.298289205027247
2024-04-05,0.3921355532447005,2.2439762064855433,4.391963486118792
2024-04-08,0.3910697201665996,2.335195747182936,4.551029561574467
2024-04-09,0.3912293004446271,2.3064455635004957,4.5089983105825295
2024-04-10,0.3911145788672753,2.2866892758999047,4.469064784227136
2024-04-11,0.39213971869991754,2.3838789000646434,4.6603878344458955
2024-04-12,0.39194677180919446,2.3914919762598963,4.67995814215778
2024-04-15,0.39374267951940845,2.2735210675492157,4.446571223812331
2024-04-16,0.3937326097263522,2.2660992358362306,4.431942196397846
2024-04-17,0.39512974627375286,2.1570008893109134,4.227416555823661
2024-04-18,0.39510986061016096,2.1110114036532166,4.143187996647604
2024-04-19,0.4029528276934699,1.8801225011281009,3.462396857009592
2024-04-22,0.399799216747696,2.0706625428553624,3.8684134763000237
2024-04-23,0.40076734835187117,2.132806498969981,3.9941595370167104
2024-04-24,0.40075128895479034,2.1811878252947734,4.075310461067064
2024-04-25,0.4015198988793814,2.3390561395844336,4.366993363189457
2024-04-26,0.40314271517376954,2.4133487722942917,4.523907532220466
2024-04-29,0.40504019238440203,2.467348990583345,4.646902023772452
2024-04-30,0.40588346803978653,2.342495806769926,4.4260531617892855
2024-05-01,0.4069581419338637,2.195219712746727,4.149617028531569
2024-05-02,0.40676695994576484,2.302522647902613,4.333196769408067
2024-05-03,0.40716777205661125,2.3881711480851475,4.483726843501106
2024-05-06,0.40806445471510966,2.474299463984972,4.648877893119493
2024-05-07,0.40690423296759665,2.3137534076005033,4.348656429328791
2024-05-08,0.4068821160725834,2.2626276041011963,4.261088817356857
2024-05-09,0.4068324571896259,2.265179867152381,4.265733216601861
2024-05-10,0.4068223944033696,2.2559298081073944,4.248208644118586
2024-05-13,0.4068454603187039,2.2835671883549176,4.304616074597329
2024-05-14,0.40672654997120306,2.3585972098760126,4.426516491258497
2024-05-15,0.40692708942452227,2.374280255033932,4.458146811889091
2024-05-16,0.4069410574668073,2.3566520547995897,4.4191037274996745
2024-05-17,0.4058409586280046,2.250160271519185,4.221927957182225
2024-05-20,0.4043075312463976,2.1922985261982366,4.09782128232976
2024-05-21,0.4047819669982382,2.259082777986703,4.224669986682478
2024-05-22,0.4050488706285596,2.193017527758075,4.120995625270112
2024-05-23,0.4077939101862772,2.3513322704227853,4.429229333713487
2024-05-24,0.40830552499001543,2.4354530417894806,4.580566523867783
2024-05-28,0.3735313653001131,2.3180312524825624,3.9884168290691275
2024-05-29,0.3724361282849618,2.251798594237528,3.8630962138901954
2024-05-30,0.37206790835031744,2.1053712212272613,3.6213561482758934
2024-05-31,0.37016163679820546,2.1944491341835435,3.7809353740177625
2024-06-03,0.36928038218883924,2.173054425686924,3.7351596464638868
2024-06-04,0.36928855771045227,2.1856486603416196,3.756890448142574
2024-06-05,0.37078631952439184,2.2690476104821657,3.9160627244891266
2024-06-06,0.3707685287077867,2.2716779573175936,3.9182662326603683
2024-06-07,0.3702434068302169,2.316699196027987,3.970429869083055
2024-06-10,0.3690683820537779,2.2317676286096044,3.8096222396965502
2024-06-11,0.3690659122207201,2.1578366963602185,3.6967763150677078
2024-06-12,0.3702095373622521,2.197012314599433,3.775554624966351
2024-06-13,0.3698091364458945,2.187105148020784,3.754464163675206
2024-06-14,0.3687209788850287,2.121539279657528,3.6311951447809805
2024-06-17,0.3686765924211749,2.169871038066199,3.7047381736068363
2024-06-18,0.3690717005579355,2.206596774576941,3.771479551108589
2024-06-20,0.3692503588568122,2.031036353679414,3.4716237941131816
2024-06-21,0.36862647939820314,2.0572055014337303,3.5219712725359416
2024-06-24,0.37206410963627934,1.8953536936094357,3.21565699415715
2024-06-25,0.37486658567025305,2.0879422742990665,3.5570173996312073
2024-06-26,0.37205203954387434,2.2662399636873958,3.8855464032658635
2024-06-27,0.37117536780408844,2.1514784446441717,3.694516908714962
2024-06-28,0.37110809472558853,2.161666845114315,3.7038230059967288
2024-07-01,0.37154433772770634,2.2290862793699966,3.8206699657618293
2024-07-02,0.37099363613911096,2.208093136731751,3.7790779184548615
2024-07-03,0.3736458349634861,2.270416213501392,3.9135205950623186
2024-07-05,0.3737879244073234,2.247063972896605,3.8846339483567416
2024-07-08,0.3737308623586574,2.313564293138577,3.985147196506885
2024-07-09,0.3745693404179646,2.372787232641042,4.09632923008616
2024-07-10,0.3746561721857359,2.4535590344515352,4.221176134516361
2024-07-11,0.3807645130348039,2.2350321153687007,3.729896883026447
2024-07-12,0.38034178278817393,2.216192806396861,3.69435112913257
2024-07-15,0.3786007736324961,2.1243382588293342,3.525021414031873
2024-07-16,0.37866203492646167,2.1168426076216305,3.517516867752645
2024-07-17,0.3825977576948202,1.8842097710503716,3.079116402894637
2024-07-18,0.3826255220290771,1.8857911685989466,3.081924305773191
2024-07-19,0.38390386555374617,1.8220533163054027,2.981136750425412
2024-07-22,0.3826406788989511,2.0921877784315916,3.484860896807317
2024-07-23,0.38209596176617794,2.122448757647156,3.530539527244242
2024-07-24,0.39186143659868705,1.8148831005426118,2.850952416472101
2024-07-25,0.39184213057256256,1.7671923012446973,2.7821089475131164
2024-07-26,0.39177676506915854,1.7899133172863784,2.8129908445003933
2024-07-29,0.3917654190225179,1.8168435744428866,2.8530307933514236
2024-07-30,0.39635311578724836,1.5760260406582374,2.4329819081743613
2024-07-31,0.40876554560096173,1.7768916409959106,2.8289706426584487
2024-08-01,0.4143849896864465,1.6178198583481418,2.5179165165207937
2024-08-02,0.41293366707194634,1.66361084048435,2.6004274380514802
2024-08-05,0.41719271690161386,1.4854386456810653,2.30200924495211
2024-08-06,0.41799833549367543,1.5611882692803294,2.4213587627968796
2024-08-07,0.42113890131857057,1.4121792674351827,2.1858354092485057
2024-08-08,0.4239761429868128,1.5623520860859363,2.4250792354432185
2024-08-09,0.4215986242248443,1.6716854131480772,2.5900319371646923
2024-08-12,0.42216884000407634,1.7254179477097873,2.676898274865257
2024-08-13,0.4250152870909224,1.9257375256842595,2.9994423750077934
2024-08-14,0.4228299521185635,1.8322970946843415,2.8392296073749126
2024-08-15,0.42504925503969687,1.9470246648274445,3.027051671764793
2024-08-16,0.4246754541636471,2.017673547206315,3.1204989655648734
2024-08-19,0.4259756579970581,2.129782301412784,3.292244574220217
2024-08-20,0.426370237819385,2.101601277390255,3.2594516128186277
2024-08-21,0.41921861728936227,1.9669754717835903,2.999485993162134
2024-08-22,0.42127167775066426,1.895766733429018,2.880391817227801
2024-08-23,0.42274088812804933,1.9333665483715912,2.9477650379438214
2024-08-26,0.42356628053083045,1.8882873130326499,2.8880232735152016
2024-08-27,0.42347097357705676,1.913397702042605,2.9201588080661596
2024-08-28,0.42397776936885356,1.834769777406899,2.8161007649302925
2024-08-29,0.4237018655844396,1.6090788892442156,2.457080052038233
2024-08-30,0.42412261456577444,1.6438022728643085,2.5125956262743094
2024-09-03,0.43059950267352437,1.446511670546393,2.171146036364659
2024-09-04,0.4295729352714958,1.515355541880229,2.2607376826363885
2024-09-05,0.42981263128720565,1.5300688497892831,2.2839619702317386
2024-09-06,0.4325259290617429,1.4576428923485982,2.157572902989213
2024-09-09,0.4333032379109065,1.5597779410154669,2.304251008991253
2024-09-10,0.4335338321689513,1.6468954692322486,2.4246478075054276
2024-09-11,0.4367324282496598,1.7161758308218122,2.5452875686305583
2024-09-12,0.43667391324020294,1.7784239510299018,2.6279547723003196
2024-09-13,0.4365473856333958,1.7480417757829085,2.582310963514073
2024-09-16,0.43704737678292255,1.689021060929863,2.5091803772548045
2024-09-17,0.4360572159394874,1.7431400837460582,2.5786526054086205
2024-09-18,0.43624048223684303,1.7299226175734435,2.5632382857609497
2024-09-19,0.4386577415955609,1.847078773532274,2.7470010967266876
2024-09-20,0.4382641166217518,1.8645707504770275,2.7712456508349987
2024-09-23,0.43732357258916543,1.9702508055376788,2.9112140800018236
2024-09-24,0.4382732041954446,2.046835804151391,3.0293564929956296
2024-09-25,0.4384304773862511,2.0590018185693766,3.0484559671538265
2024-09-26,0.4382759675057983,2.078856501508754,3.066050678478534
2024-09-27,0.43841649555909096,2.049837517234543,3.0319495385552426
2024-09-30,0.43819542365859293,2.0143827814642656,2.978005416381862
2024-10-01,0.4393822591552193,1.9154513451810289,2.8488806650766327
2024-10-02,0.43897697568056354,1.8678276166318282,2.7754866953847537
2024-10-03,0.4381229186069959,1.9612801680164083,2.8966968113468483
2024-10-04,0.43799106933195003,1.9557503427798668,2.887660303076269
2024-10-07,0.4379565105215488,1.9458756595033873,2.8728536641913265
2024-10-08,0.43872998394460566,1.9778466850831684,2.925212174621566
2024-10-09,0.4386587452041199,1.9849703270912085,2.9322773490019984
2024-10-10,0.4385913017122967,1.975918809938024,2.9184573069126487
2024-10-11,0.4394532662175928,1.8786225540510864,2.791464296918095
2024-10-14,0.4396890945130299,1.9264557240459854,2.8625647352175037
2024-10-15,0.4397817409100628,1.9234172564867291,2.85765027985283
2024-10-16,0.4401746601566413,1.9471984473889001,2.895567067390679
2024-10-17,0.43876789634411123,2.0385344640073315,3.0130796956813164
2024-10-18,0.4363729246288149,2.158095839108194,3.178200469569521
2024-10-21,0.43568778663406216,2.289799444726462,3.35520376398681
2024-10-22,0.4348901883565582,2.3426055478176124,3.412029572456133
2024-10-23,0.43528263851099436,2.2196436436402456,3.249551921845205
2024-10-24,0.44006284001810025,2.3146464351735108,3.4258491697017766
2024-10-25,0.4383816018719333,2.4411129486669547,3.5950945896987143
2024-10-28,0.43704440684113866,2.497257045478273,3.674288671482716
2024-10-29,0.43706262093948767,2.4856322871190555,3.6573372337261136
2024-10-30,0.4372982060567815,2.46412022574519,3.638066644979078
2024-10-31,0.43971142528036566,2.357740513969403,3.4924545227887243
2024-11-01,0.43879518948769575,2.315170495313267,3.4222508498913515
2024-11-04,0.43751926570816285,2.2252893901744213,3.284349921848211
2024-11-05,0.4377633941385973,2.2339987263551926,3.299043993240229
2024-11-06,0.4430933722053995,2.3471391267190658,3.508325094449185
2024-11-07,0.44354877727619973,2.383804592802238,3.5667919793916627
2024-11-08,0.4437543472685139,2.403643292480628,3.59814268250571
2024-11-11,0.44364478716412925,2.463473392644564,3.673514175251777
2024-11-12,0.44311686964395264,2.3961884038514683,3.5736503688662817
2024-11-13,0.4431030590043735,2.3404806825537023,3.500467271504808
2024-11-14,0.4425407831811247,2.234535343412891,3.3522768238887526
2024-11-15,0.44281912034302723,2.211336822886158,3.3286832858096442
2024-11-18,0.4427833739709774,2.235720624601094,3.3621662767327294
2024-11-19,0.4442709670600612,2.323615460493408,3.505301601633633
2024-11-20,0.44425355889984824,2.264680667127731,3.426538346298814
2024-11-21,0.4442471528316745,2.2669598409106073,3.429937353335083
2024-11-22,0.44349473667211803,2.304062314005532,3.478571904358168
2024-11-25,0.4455081326380838,2.2281086702104664,3.361210270921171
2024-11-26,0.4454928573417876,2.2207384592051205,3.3499770834447435
2024-11-27,0.44579315212413567,2.173943942892908,3.294575177003755
2024-11-29,0.4463418360648519,2.226292632512105,3.3780613482764164
2024-12-02,0.44547617222894537,2.3141070857109836,3.48960828493262
2024-12-03,0.44543953945741893,2.3257836595483563,3.506246133066241
2024-12-04,0.44535708808495544,2.4447629464046465,3.668103357282713
2024-12-05,0.4450966281451618,2.421532226411379,3.6311233184050904
2024-12-06,0.44466905570188736,2.4654947959857414,3.6771523913699253
2024-12-09,0.4448873395632948,2.3781215421008546,3.56513171874826
2024-12-10,0.44498503533056816,2.3204429115500957,3.4914486243286924
2024-12-11,0.4458524211446209,2.445447717125515,3.6696104529364484
2024-12-12,0.44618537770820704,2.3838398918811574,3.595359089294901
2024-12-13,0.44621175265976326,2.3568208718180608,3.55765923697873
2024-12-16,0.44598597181157795,2.331365757156002,3.517453615117019
2024-12-17,0.44593988629036674,2.3127691709053946,3.489035398211702
2024-12-18,0.4473127676867109,2.1981945229507796,3.334210480920929
2024-12-19,0.4473009183994677,2.214877112929277,3.360744208475321
2024-12-20,0.4458329712702589,2.32085597975105,3.501576349999185
2024-12-23,0.4463991495392701,2.342365322450657,3.538516412203244
2024-12-24,0.4467882186465729,2.406091337592525,3.6324072817952073
2024-12-26,0.44686749047655605,2.3653938296300043,3.579976140779845
2024-12-27,0.44811708135195044,2.2761561387610394,3.466394282632682
